421 E Battlefield Rd, Springfield, MO, 65807
1645 E Kearney St, Springfield, MO, 65803
2847 E Sunshine St, Springfield, MO, 65804
310 N Old Wilderness Rd, Nixa, MO, 65714
3260 Battlefield Rd, Springfield, MO, 65804
1831 W Kearney St, Springfield, MO, 65803
335 N Nolting Ave, Springfield, MO, 65802
712 W Commercial St, Springfield, MO, 65803
2021 W Republic Rd, Springfield, MO, 65807
1201 E St Louis St, Springfield, MO, 65806
4228 S National Ave, Springfield, MO, 65810
5504 N 17th St, Ozark, MO, 65721
400 N Massey Blvd, Nixa, MO, 65714
1013 US Hwy 60 E, Republic, MO, 65738
1720 W Battlefield Rd B, Springfield, MO, 65807
3720 E Sunshine St, Springfield, MO, 65809
1320 S Glenstone Ave, Springfield, MO, 65804
3536 W Mt Vernon St, Springfield, MO, 65802
545 El Camino Alto Dr, Springfield, MO, 65810
3150 W Republic Rd, Springfield, MO, 65807
2021 E Independence St, Springfield, MO, 65804
3315 S Campbell Ave, Springfield, MO, 65807
1923 E Kearney St, Springfield, MO, 65803
444 W Grand St, Springfield, MO, 65807
2825 N Kansas Expy, Springfield, MO, 65803
1150 US Highway 60 E, Republic, MO, 65738
2811 E. Galloway St. Ste A, Springfield, MO, 65804
